id,name,adress,zipcode,dist_code,stype
1,1 RIO BALSAS-RIO SENA,001 - Río Balsas-Río Sena,06500,CUA,"BIKE,TPV"
2,2 RIO GUADALQUIVIR-RIO BALSAS,002 - Río Guadalquivir - Río Balsas,06500,CUA,BIKE
3,3 REFORMA-INSURGENTES,003 - Reforma - Insurgentes,06500,1,"BIKE,TPV"
4,4 RIO NILO-RIO PANUCO,004 - Río Nilo - Río Panuco,06500,CUA,BIKE
5,5 RIO PANUCO-RIO TIBER,005 - Río Pánuco Río Tiber,06500,CUA,BIKE
6,6 RIO PANUCO-RIO SENA,006 - Río Pánuco - Río Sena,06500,CUA,BIKE
7,7 RIO ELBA-RIO LERMA,007 - Río Elba - Río Lerma,06500,CUA,BIKE
8,8 REFORMA-GENERAL PRIM,008 - Reforma - General Prim,06500,TAB,BIKE
9,9 RIO GUADALQUIVIR-RIO LERMA,009 - Río Guadalquivir - Río Lerma,06500,CUA,BIKE
10,10 REFORMA-RAMIREZ,010 - Reforma - Ramírez,06500,TAB,"BIKE,TPV"
11,11 RIO AMAZONAS-RIO LERMA,011 - Río Amazonas - Rio Lerma,06500,CUA,BIKE
12,12 RIO LERMA-VILLALONGIN,012 - Río Lerma - Villalongin,06500,1,BIKE
13,13 REFORMA-RIO RODANO,013 - Reforma - Rio Rodano,06500,1,"BIKE,TPV"
14,14 REFORMA-RIO DE PLATA,014 - Reforma - Rio de Plata,06500,CUA,BIKE
15,15 REFORMA-RIO MISSISSIPPI,015 - Reforma - Rio Mississippi,06500,CUA,"BIKE,TPV"
16,16 REFORMA-RIO GUADALQUIVIR,016 - Reforma - Rio Guadalquivir,06500,1,BIKE
17,17 REFORMA-RIO TIBER,017 - Reforma - Rio Tiber,06500,1,"BIKE,TPV"
18,18 REFORMA-RIO SENA,018 - Reforma - Rio Sena,06500,CUA,"BIKE,TPV"
19,19 REFORMA-RIO NEVA,019 - Reforma - Rio Neva,06500,1,"BIKE,TPV"
20,20 REFORMA-RIO TAMESIS,020 - Reforma- Rio Tamesis,06500,CUA,BIKE
21,21 REFORMA-LIEJA,021 - Reforma - Lieja,06500,1,"BIKE,TPV"
22,22 REFORMA-MANCHESTER,022 - Reforma - Manchester,06500,JUA,"BIKE,TPV"
23,23 REFORMA-PRAGA,023 - Reforma - Praga,06500,JUA,BIKE
24,24 REFORMA-VARSOVIA,024 - Reforma- Varsovia,06500,JUA,"BIKE,TPV"
25,25 REFORMA-ESTOCOLMO,025 - Reforma - Estocolmo,06500,JUA,BIKE
26,26 REFORMA-VERSALLES,026 - Reforma - Versalles,06500,JUA,"BIKE,TPV"
27,27 REFORMA-HAVRE,027 - Reforma- Havre,06500,JUA,"BIKE,TPV"
28,28 TOLEDO-TOKIO,028 - Toledo- Tokio,06500,JUA,BIKE
29,29 REFORMA-BUCARELI,029 - Reforma - Bucareli,06500,CEN,"BIKE,TPV"
30,30 HAMBURGO-GENOVA,030 - Hamburgo - Genova,06500,JUA,"BIKE,TPV"
31,31 HAMBURGO-INSURGENTES,031 - Hamburgo - Insurgentes,06500,JUA,BIKE
32,32 LONDRES-SEVILLA,032 - Londres - Sevilla,06500,JUA,BIKE
33,33 LONDRES-FLORENCIA,033 - Londres - Florencia,06500,JUA,BIKE
34,34 LIVERPOOL-GENOVA,034 - Liverpool - Genova,05600,JUA,BIKE
35,35 LIVERPOOL-GENOVA,035 - Liverpool - Genova,06500,JUA,"BIKE,TPV"
36,36 PUEBLA-VERACRUZ,036 - Puebla - Veracruz,06140,1,"BIKE,TPV"
37,37 GUADALAJARA-PUEBLA,037 - Guadalajara - Puebla,06700,R-N,BIKE
38,38 COZUMEL-PUEBLA,038 - Cozumel - PUEBLA,06700,R-N,BIKE
39,39 MEDELLIN-CHAPULTEPEC,039 - Medellin - Chapultepec,06700,R-N,BIKE
40,40 OAXACA-PUEBLA,040 - Oaxaca - Puebla,06700,R-N,BIKE
41,41 REFORMA-AV. DE LA REPUBLICA,041 - Reforma - Av. de la República,06700,1,"BIKE,TPV"
42,42 SINALOA-VALLADOLID,042 - Sinaloa - Valladolid,06700,R-N,BIKE
43,43 JUAREZ-REVILLAGIGEDO,043 - Revillagigedo - Juárez,06700,CEN,"BIKE,TPV"
44,44 DURANGO-VERACRUZ,044 - Durango - Veracruz,06140,R-N,BIKE
45,45 DURANGO-SONORA,045 - Durango - Sonora,06700,R-N,"BIKE,TPV"
46,46 DURANGO-SALAMANCA,046 - Durango - Salamanca,06700,R-N,BIKE
47,47 GLORIETA CIBELES-OAXACA,047 - Glorieta Cibeles - Oaxaca,06700,1,"BIKE,TPV"
48,48 INDEPENDENCIA-AZUETA,048 - Independencia - Azueta,06700,CEN,BIKE
49,49 MAZATLAN-JUAN DE LA BARRERA,049 - Mazatlán - Juan de la Barrera,06140,CON,BIKE
50,50 CUERNAVACA-VERACRUZ,050 - Cuernavaca - Veracruz,06140,CON,BIKE
51,51 COLIMA-OAXACA,051 - Colima - Oaxaca,06700,R-N,BIKE
52,52 HIDALGO-TRUJANO,052 - Dolores - Juárez,06140,CEN,"BIKE,TPV"
53,53 FERNANDO MONTES DE OCA-TULA,053 - Fernando Montes de Oca - Tula,06140,CON,BIKE
54,54 PARQUE ESPAÑA-SONORA,054 - Parque España - Sonora,06700,CON,"BIKE,TPV"
55,55 5 DE MAYO-BOLIVAR,055 - 5 de Mayo - Bolívar,06700,1,"BIKE,TPV"
56,56 ALVARO OBREGON-MEDELLIN,056 - Alvaro Obregón - Medellin,06700,R-N,BIKE
57,57 CUERNAVACA-JUAN ESCUTIA,057 - Cuernavaca - Juan Escutia,06140,1,BIKE
58,58 PARQUE ESPAÑA-JUAN DE LA BARRERA,058 - Parque España - Juan de la Barrera,06140,CON,BIKE
59,59 POPOCATEPETL-AMSTERDAM,059 - Popocatépetl - Amsterdam,06100,HIP,BIKE
60,60 MAZATLAN-FERNANDO MONTES DE OCA,060 - Mazatlán - Fernando Montes de Oca,06140,CON,BIKE
61,61 AVENIDA MEXICO-SONORA,061 - Avenida México - Sonora,06100,HIP,"BIKE,TPV"
62,62 FERNANDO MONTES DE OCA-AMATLAN,062 - Fernando Montes de Oca - Amatlan,06140,CON,BIKE
63,63 NUEVO LEON- LAREDO,063 - Nuevo León - Laredo,06100,1,"BIKE,TPV"
64,64 SONORA-AMSTERDAM,064 - Sonora - Amsterdam,06100,HIP,BIKE
65,65 MARCONI-TACUBA,065 - Marconi - Tacuba,06170,CEN,BIKE
66,66 MAZATLAN-FRANCISCO MARQUEZ,066 - Mazatlán - Francisco Marquez,06170,1,BIKE
67,67 VICENTE SUAREZ-MICHOACAN,067 - Vicente Suárez - Michoacan,06170,CON,BIKE
68,68 TAMAULIPAS-MICHOACAN,068 - Tamaulipas - Michoacan,06170,CON,"BIKE,TPV"
69,69 MICHOACAN-AMSTERDAM,069 - Michoacán - Amsterdam,06100,HIP,BIKE
70,70 PARQUE MEXICO-MICHOACAN,070 - Parque México - Michoacan,06100,1,"BIKE,TPV"
71,71 AMSTERDAM-MICHOACAN,071 - Amsterdam - Michoacan,06100,HIP,BIKE
72,72 MAZATLAN-ALFONSO REYES,072 - Mazatlán - Alfonso Reyes,06170,1,BIKE
73,73 CAMPECHE-TAMAULIPAS,073 - Campeche - Tamaulipas,06170,H-C,BIKE
74,74 NUEVO LEON-OZULAMA,074 - Nuevo León - Ozulama,06100,1,BIKE
75,75 ALFONSO REYES-ATLIXCO,075 - Alfonso Reyes - Atlixco,06170,H-C,BIKE
76,76 CHILPANCINGO-CAMPECHE,076 - Chilpancingo - Campeche,06100,HIP,BIKE
77,77 CHOAPAN-TAMAULIPAS,077 - Choapan - Tamaulipas,06100,HIP,BIKE
78,78 BENJAMIN HILL-TAMAULIPAS,078 - Benjamín Hill - Tamaulipas,06170,HIP,"BIKE,TPV"
79,79 SALTILLO-ALFONSO REYES,079 - Saltillo - Alfonso Reyes,06100,HIP,BIKE
80,80 NUEVO LEON-AGUASCALIENTES,080 - Nuevo León - Aguascalientes,06100,HIP,BIKE
81,81 AGUASCALIENTES-INSURGENTES,081 - Aguascalientes - Insurgentes,06100,HIP,BIKE
82,82 INDEPENDENCIA-MARROQUI,082 - Independencia - Marroquí,06100,CEN,"BIKE,TPV"
83,83 NUEVO LEON-ALFONSO REYES,083 - Nuevo León - Alfonso Reyes,06100,HIP,"BIKE,TPV"
84,84 CHILPANCINGO-TLAXCALA,084 - Chilpancingo - Tlaxcala,06100,HIP,BIKE
85,85 ROSAS MORENO-SULLIVAN,085 - Rosas Moreno - Sullivan,06470,S-R,BIKE
86,86 SULLIVAN-INSURGENTES,086 - Sullivan-Insurgentes,06470,1,"BIKE,TPV"
87,87 GANTE-VENUSTIANO CARRANZA,087 - Gante - Venustiano Carranza,,CEN,"BIKE,TPV"
88,88 2A CDA 5 DE MAYO-PALMA,088 - 2a Cerrada de 5 de Mayo - Palma,,1,BIKE
89,89 REPUBLICA DE GUATEMALA-MONTE DE PIEDAD,089 - República de Guatemala - Monte de Piedad,,CEN,"BIKE,TPV"
90,90 JOSE MARIA PINO SUAREZ-CORREGIDORA,090 - José María Pino Suárez - Corregidora,,CEN,"BIKE,TPV"
91,91 REPUBLICA DE CUBA-ALLENDE,091 - Republica de Cuba-Allende,06500,CEN,BIKE
92,92 SAN ILDEFONSO-REPUBLICA DE ARGENTINA,092 - San Ildefonso-República de Argentina,06500,CEN,BIKE
93,93 PALMA NORTE-REPUBLICA DE CUBA,093 - Palma Norte-Republica de Cuba,06500,CEN,BIKE
94,94 LIC. VERDAD-MONEDA,94 - Lic. Verdad-Moneda,,CEN,BIKE
95,95 20 DE NOVIEMBRE-VENUSTIANO CARRANZA,095 - 20 de Noviembre-Venustiano Carranza,06500,CEN,BIKE
96,96 LOPEZ-AYUNTAMIENTO,096 - López-Ayuntamiento,06500,CEN,BIKE
97,97 REPUBLICA DE SALVADOR-PINO SUAREZ,097 - Republica de Salvador-Pino Suarez,06500,CEN,"BIKE,TPV"
98,98 EMILIO DONDE-AV. BALDERAS,098 - Emilio Dondé-Av. Balderas,06500,CEN,BIKE
99,99 ERNESTO PUGIBET-LUIS MOYA,99 - Ernesto Pugibet-Luis Moya,,CEN,BIKE
100,100 20 DE NOVIEMBRE-MESONES,100 - 20 de Noviembre-Mesones,06500,CEN,BIKE
101,101 1ER. CALLEJÓN DE MESONES-MESONES,1ER. CALLEJÓN DE MESONES - MESONES,,CEN,BIKE
102,102 ECHEVESTE-BOLIVAR,102 - Echeveste-Bolivar,,1,BIKE
103,103 JOAQUÍN VELÁZQUEZ DE LEÓN-GARCÍA ICAZBALCETA,103 JOAQUÍN VELÁZQUEZ DE LEÓN-GARCÍA ICAZBALCETA,,S-R,BIKE
104,104 SAN JERONIMO-ISABEL LA CATOLICA,104 - San Jerónimo-Isabel la Católica,06500,CUA,"BIKE,TPV"
105,105 SAN JERONIMO-5 DE FEBRERO,105 - San Jerónimo-5 de Febrero,06500,CEN,BIKE
106,106 SAN JERONIMO-JOSE MARIA PINO SUAREZ,106 - San Jerónimo-José María Pino Suarez,06500,CEN,BIKE
107,107 TOLSA-BALDERAS,107 - Tolsa-Balderas,06500,CEN,BIKE
108,108 TOLSA-BALDERAS,108 - Tolsa-Balderas,06500,CEN,"BIKE,TPV"
109,109 NEZAHUALCOYOTL-ISABEL LA CATOLICA,109 - Nezahualcóyotl-Isabel la Católica,06500,CEN,BIKE
110,110 DR. VALENZUELA-DR. RÍO DE LA LOZA,110 - Dr. Valenzuela-Dr. Río de la loza,,1,BIKE
111,111 GUILLERMO PRIETO-JOAQUÍN VELÁZQUEZ DE LEÓN,111 GUILLERMO PRIETO-JOAQUÍN VELÁZQUEZ DE LEÓN,,1,BIKE
112,112 AV. MORELOS-ABRAHAM GONZALEZ,112 - Av. Morelos-Abraham González,06500,1,BIKE
113,113 GENERAL PRIM-VERSALLES,113 - General Prim-Versalles,06500,JUA,BIKE
114,114 LUCERNA-ABRAHAM GONZALEZ ,114 - Lucerna-Abraham González,06500,JUA,BIKE
115,115 ROMA-DINAMARCA ,115 - Roma-Dinamarca,06500,JUA,BIKE
116,116 LONDRES-ROMA,116 - Londres-Roma,06500,JUA,BIKE
117,117 LONDRES-NAPOLES ,117 - Londres-Napoles,06500,JUA,BIKE
118,118 LIVERPOOL-DINAMARCA,118 - Liverpool-Dinamarca,06500,JUA,BIKE
119,119 TURÍN-ABRAHAM GONZÁLEZ,119 - Turín-Abraham González,,JUA,BIKE
120,120 MARSELLA-NAPOLES,120 - Marsella-Nápoles,06500,JUA,BIKE
121,121 NIZA-CHAPULTEPEC,121 - Niza-Chapultepec,06500,JUA,BIKE
122,122 JOSE MARIA VERTIZ-AV.DR. RIO DE LA LOZA,122 - José María Vértiz-Av. Dr. Río de la Loza,06500,DOC,BIKE
123,123 CLAUDIO BERNARD-DR. LAVISTA,123 - Claudio Bernard-Dr. Lavista,06500,1,BIKE
124,124 CLAUDIO BERNARD-DR. LICEAGA,124 - Claudio Bernard-Dr. Liceaga,06500,DOC,BIKE
125,125 MORELIA-CIRCULAR DE MORELIA,125 - Morelia-Circular de Morelia,06500,R-N,BIKE
126,126 JALAPA-PUEBLA,126 - Jalapa-Puebla,,R-N,BIKE
127,127 PUEBLA-MERIDA,127 -  Puebla-Merida,,R-N,BIKE
128,128 ORIZABA-RIO DE JANEIRO,128 - Orizaba-Río de Janeiro,06500,R-N,"BIKE,TPV"
129,129 TONALÁ-DURANGO,129 - Tonalá-Durango,,R-N,BIKE
130,130 MÉRIDA-DURANGO,130 - Mérida-Durango,,R-N,BIKE
131,131 COLIMA-JALAPA,131 - Colima-Jalapa,,R-N,BIKE
132,132 COLIMA-FRONTERA,132 - Colima-Frontera,,R-N,BIKE
133,133 COLIMA-MORELIA,133 - Colima-Morelia,,R-N,BIKE
134,134 ÁLVARO OBREGÓN-ORIZABA,134 - Álvaro Obregón-Orizaba,,R-N,"BIKE,TPV"
135,135 ÁLVARO OBREGÓN-MORELIA,135 - Álvaro Obregón-Morelia,,R-N,"BIKE,TPV"
136,136 ÁLVARO OBREGÓN-TONALÁ,136 - Tonalá-Álvaro Obregón,,R-N,"BIKE,TPV"
137,137 ÁLVARO OBREGÓN-MÉRIDA,137 - Álvaro Obregón-Mérida,,R-N,BIKE
138,138 GUANAJUATO-FRONTERA,138 - Guanajuato-Frontera,,R-N,BIKE
139,139 TONALÁ-GUANJUATO,139 - Tonalá-Guanajuato,,R-N,BIKE
140,140 MÉRIDA-ZACATECAS,140 - Mérida-Zacatecas,,R-N,BIKE
141,141 ZACATECAS-LUIS CABRERA,141 - Zacatecas-Luis Cabrera,,R-N,"BIKE,TPV"
142,142 SAN LUIS POTOSI-EJE 2 PTE. MONTERREY,142 - San Luis Potosí-Eje 2 Pte. Monterrey,,R-N,BIKE
143,143 CÓRDOBA-SAN LUIS POTOSÍ,143 - Córdoba-San Luis Potosí,,R-N,BIKE
144,144 FRONTERA-SAN LUIS POTOSÍ,144 - Frontera-San Luis Potosí,,R-N,BIKE
145,145 EJE 2 SUR YUCATÁN-CHIAPAS,145 - Eje 2 Sur Yucatán-Chiapas,,R-N,BIKE
146,146 COAHUILA-MANZANILLO,146 - Coahuila-Manzanillo,,R-N,BIKE
147,147 COAHUILA-ORIZABA,147 - Coahuila-Orizaba,,R-N,BIKE
148,148 COAHUILA-AV.CUAUHTEMOC,148 - Coahuila-Av. Cuauhtémoc,,R-N,BIKE
149,149 MÉRIDA-ANTONIO ANZA,149 - Mérida-Antonio Anza,,R-N,BIKE
150,150 CAMPECHE-MEDELLÍN,150 - Campeche-Medellín,,1,BIKE
151,151 CAMPECHE-TONALÁ,151 - Campeche-Tonalá,,ROM,BIKE
152,152 TLACOTALPAN-CAMPECHE,152 - Tlacotalpan-Campecha,,ROM,"BIKE,TPV"
153,153 MANZANILLO-TLAXCALA,153 - Manzanillo-Tlaxcala,,ROM,BIKE
154,154 TUXPAN-TLAXCALA,154 - Tuxpan-Tlaxcala,,1,"BIKE,TPV"
155,155 JALAPA-TLAXCALA,155 - Jalapa-Tlaxcala,,ROM,BIKE
156,156 TEPIC-AMENALCO,156 - Tepic-Amenalco,,ROM,BIKE
157,157 TEPIC-TLACOTALPAN,157 - Tepic-Tlacotalpan,,ROM,BIKE
158,158 HUATABAMPO-EJE 1PTE. CUAUHTÉMOC,158 - Huatabampo- Eje 1 Pte. Av. Cuauhtémoc,,ROM,"BIKE,TPV"
159,159 HUATABAMPO-EJE 1 PTE. AV. CUAUHTÉMOC,159 - Huatabampo-Eje 1 Pte. Av. Cuauhtémoc,,ROM,BIKE
160,160 ALFONSO HERRERA-GABINO BARRERA,160 - Alfonzo Herrera-Gabino Barrera,,S-R,BIKE
161,161 QUINTANA ROO-MANZANILLO,161 - Quintana Roo-Manzanillo,,ROM,BIKE
162,162 TEHUANTEPEC-MEDELLÍN,162 - Tehuantepec-Medellín,,ROM,BIKE
163,163 TOLUCA-BAJÍO,163 - Toluca-Bajío,,ROM,BIKE
164,164 BAJÍO-TLACOTALPAN,164 - Bajío-Tlacotalpan,,ROM,BIKE
165,165 BAJÍO-EJE 2 PTE. MONTERREY,165 - Bajío-Eje 2 Pte. Monterrey,,ROM,BIKE
166,166 PROGRESO-CDA. ANTONIO MACEO,166 - Progreso-Cda. Antonio Maceo,,ESC,BIKE
167,167 GENERAL SALVADOR ALVARADO-PROGRESO,167 - General Salvador Alvarado-Progreso,,ESC,BIKE
168,168 COMERCIO-PROGRESO,168 - Comercio-Progreso,,ESC,"BIKE,TPV"
169,169 PROSPERIDAD-PROGRESO,169 - Prosperidad-Progreso,,ESC,BIKE
170,170 OBSERVATORIO ORIENTE-REVOLUCIÓN,170 - Observatorio Oriente-Revolución,,ESC,BIKE
171,171 COMERCIO-JOSE MARTÍ,171 - Comercio-Jose Martí,,1,BIKE
172,172 GENERAL FRANCISCO MURGUIA-JOSE MARTÍ,172 - General Francisco Murguia-Jose Martí,,ESC,BIKE
173,173 MINERÍA-JOSÉ MARTÍ,173 - Minería-Jose Martí,,1,BIKE
174,174 JOAQUÍN GARCIA-IGNACIO MANUEL ALTAMIRANO,174 - Joaquín Garcia-Ignacio Manuel Altamirano,,1,"BIKE,TPV"
175,175 MUTUALISMO-JOSÉ MARTí,175 - Mutualismo-José Martí,,ESC,BIKE
176,176 AV. JESÜS GARCÏA-LUIS DONALDO COLOSIO,176-LUIS DONALDO COLOSIO - AV. JESÜS GARCÏA,,BUE,BIKE
177,177 BENJAMIN HILL-CARLOS ZETINA,177 - BENJAMIN HILL-CARLOS ZETINA,,H-C,BIKE
178,178 TAMAULIPAS-FRANCISCO MURGUÍA,178 - Tamaulipas-Francisco Murguía,,H-C,"BIKE,TPV"
179,179 NUEVO LEÓN-QUINTANA ROO,179 - Nuevo León-Quintana Roo,,HIP,BIKE
180,180 QUINTANA ROO-VILLA HERMOSA,180 - Quintana Roo-Villa Hermosa,,HIP,BIKE
181,181 BENJAMIN FRANKLIN-SALTILLO,181 - Benjamin Franklin-Saltillo,,1,BIKE
182,182 PROGRESO-ASTRONOMOS,182 - PROGRESO-ASTRONOMOS,,HIP,"BIKE,TPV"
183,183 GABINO BARRERA-GUILLERMO PRIETO,183 - Gabino Barrera-Guillermo Prieto,,S-R,BIKE
184,184 GRAL GÓMEZ PEDRAZA-GOBERNADOR TIBURCIO M,184 - General Gómez Pedraza-Gobernador Tiburcio Montiel,,SMC,"BIKE,TPV"
185,185 GRAL ANTONIO LÉON-GRAL PEDRO A DE LOS S.,185 - General Antonio Léon-General Pedro Antonio de los Santos,,SMC,BIKE
186,186 GREGORIO V GELATI-FRANCISCO MOLINOS DEL C,186 - Gregorio V. Gelati-Francisco Molinos del C.,,SMC,BIKE
187,187 GENERAL CANO-GOBERNADOR GREGORIO V GELATI,187 - Genral Cano-Gobernador Gregorio V. Gelati,,SMC,BIKE
188,188 GDOR MELCHOR MÚZQUIZ-GDOR IGNACIO ESTEVA ,188 - Gobernador Melchor Múzquiz-Gobernador Ignacio Esteva,,SMC,"BIKE,TPV"
189,189 GDOR RAFAEL REBOLLAR-GDOR JOSÉ CEBALLOS,189 - Gobernador Rafael Rebollar-Gobernador José Ceballos,,SMC,BIKE
190,190 GDOR IGNACIO ESTEVA-MTRO JOSÉ VASCONCELOS,190 - Gobernador Ignacio Esteva-Maestro José Vasconcelos,,SMC,BIKE
191,191 GDOR RAFAEL REBOLLAR-GDOR VICENTE EGUIA,191 - Gobernador Rafael Rebollar-Gobernador Vicente Eguia,,SMC,BIKE
192,192 RUBEN DARIO-REFORMA,192 - Rubén Darío-Reforma,11510,CHA,"BIKE,TPV"
193,193 RUBEN DARIO-REFORMA,193 - Rubén Darío.Reforma,11510,CHA,BIKE
194,194 CTO MAHATMA GANDHI-AV. PASEO DE LA REFORMA,194 - Av. Paseo de la Reforma-Circuito Mahatma Gandhi,11510,CHA,"BIKE,TPV"
195,195 AV. PASEO DE LA REFORMA-CTO MAHATMA GANDHI,195 - Circuito Mahatma Gandhi-Av. Paseo de la Reforma,,CHA,"BIKE,TPV"
196,196 LAGO TANGANICA-AV. EJERCITO NACIONAL,196 - Lago Tanganica- Av. Ejército Nacional,11510,POL,BIKE
197,197 MIGUEL DE CERVANTES-FC DE CUERNAVACA,197 - Miguel de Cervantes Saavedra-Ferrocarril de Cuernavaca,,1,"BIKE,TPV"
198,198 SÓCRATES-EJERCITO NACIONAL ,198 - Sócrates-Ejercito Nacional,,POL,"BIKE,TPV"
199,199 ANATOLE FRANCE-AV. EJERCITO NACIONAL,199 - Anatole France-Av. Ejército Nacional,11510,POL,BIKE
200,200 EMERSON-AV. EJERCITO NACIONAL,200 - Emerson-Av. Ejército Nacional,11510,POL,BIKE
201,201 LOPE DE VEGA-EJERCITO NACIONAL ,201 - Lope de Vega-Ejército Nacional,11510,POL,BIKE
202,202 CALDERON DE LA BARCA-AV. HOMERO,202 - Calderón de la Barca-Av. Homero,11510,POL,BIKE
203,203 TENNYSON-AV. HOMERO,203 - Tennyson-Av. Homero,11510,POL,BIKE
204,204 TEMISTOCLES-HOMERO,204 - Temistocles-Homero,11510,1,BIKE
205,205 TAINE-HOMERO,205 - Taine-Homero,11510,POL,BIKE
206,206 MOLIERE-HOMERO ,206 - Moliere-Homero,,POL,"BIKE,TPV"
207,207 TASSO-HOMERO ,207 - Tasso-Homero,11510,POL,BIKE
208,208 HESIODO-LAMARTINE ,208 - Hesiodo-Lamartine,11510,POL,BIKE
209,209 SOLON-HORACIO ,209 - Solón-Horacio,11510,POL,BIKE
210,210 EUGENIO SUE-HORACIO ,210 Eugenio Sue-Horacio,,POL,BIKE
211,211 NEWTON-HORACIO,211 - Newton-Horacio,11510,POL,BIKE
212,212 HEGEL-HORACIO ,212 - Hegel-Horacio,11510,POL,"BIKE,TPV"
213,213 SOLÓN-CICERÓN,213 - Solón-Cicerón,11510,POL,BIKE
214,214 PLATÓN-HORACIO,214 - Platón-Horacio,,POL,BIKE
215,215 EDGAR ALAN POE-HORACIO,215 - Edgar Alan Poe-Horacio,11510,POL,BIKE
216,216 ALEJANDRO DUMAS-HORACIO ,216 - Alejandro Dumas-Horacio,11510,POL,"BIKE,TPV"
217,217 EULER-AV. HORACIO ,217 - Euler-Horacio,11510,POL,"BIKE,TPV"
218,218 HEGEL-IBARBOUROU ,218 - Hegel-Ibarbourou,11510,POL,BIKE
219,219 ESOPO-FC DE CUERNAVACA,219 - Esopo-FC de Cuernavaca,11510,POL,BIKE
220,220 PLINIO-PRESIDENTE MASARYK ,220 - Plino-Presidente Masaryk,11510,POL,BIKE
221,221 EMILIO CASTELAR-PRESIDENTE MASARYK ,221 - Emilio Castelar-Presidente Masaryk,11510,POL,"BIKE,TPV"
222,222 ALEJANDRO DUMAS-PRESIDENTE MASARYK,222 - Alejandro Dumas-Presidente Masarik,11510,POL,BIKE
223,223 NEWTON-PRESIDENTE MASARYK ,223 - Newton-Presidente Masarik,,POL,"BIKE,TPV"
224,224 HEGEL-PRESIDENTE MASARYK,224 - Hegel-Presidente Masaryk,11510,POL,BIKE
225,225 PETRARCA-PRESIDENTE MASARYK,225 - Petrarca-Presidente Masaryk,11510,POL,BIKE
226,226 WALLON-PRESIDENTE MASARYK,226 - Wallon-Presidente Masaryk,11511,POL,BIKE
227,227 CAMPOS ELÍSEOS-PERIFÉRICO,227 - Campos Elíseos-Periférico,,1,BIKE
228,228 CAMPOS ELÍSEOS-JEAN DE LA FONTAINE,228 - Campos Elíseos-Jean de La fontaine,11510,POL,"BIKE,TPV"
229,229 DICKENS-SENECA,229 - Dickens-Seneca,11510,POL,BIKE
230,230 EDGAR ALAN POE-DICKENS,230 - Edgar Alan Poe-Dickens,11510,POL,BIKE
231,231 NEWTON-ARISTOTELES ,231 - Newton-Aristoteles,11510,POL,BIKE
232,232 TAINE-RUBEN DARÍO ,232 - Taine -  Rubén Darío,,1,BIKE
233,233 JULIO VERNE-LUIS G. URBINA ,233 - Julio Verne-Luis G. Urbina,11510,POL,"BIKE,TPV"
234,234 TRES PICOS-ARQUÍMIDES ,234 - Tres Picos-Arquímides,,1,BIKE
235,235 CAMPOS ELISEOS-MOLIERE ,235 - Campos Eliseos-Moliere,,POL,BIKE
236,236 CAMPOS ELISEOS-MOLIERE ,236 - Campos Eliseos-Moliere,,POL,BIKE
237,237 ANDRÉS BELLO-ELLIOT ,237 - Andrés Bello-Elliot,,1,"BIKE,TPV"
238,238 ANDRÉS BELLO-ELLIOT ,238 - Andrés Bello-Elliot,,1,BIKE
239,239 RINCON DEL BOSQUE-RUBEN DARÍO ,239 - Rincon del Bosque-Ruben Dario,11510,POL,BIKE
240,240 EJERCITO NACIONAL-F.C. DE CUERNAVACA ,204- Ejercito Nacional-F.C. de Cuernavaca,,POL,"BIKE,TPV"
241,241 EJERCITO NAL-JUAN VAZQUEZ DE LA MELLA ,241 - Ejercito Nacional-Juan Vazquez de la Mella,,POL,BIKE
242,242 MIGUEL DE CERVANTES SAAVEDRA-PROL MOLIERE ,242 - Miguel de Cervantes Saavedra-Pról. Moliere,11510,GRA,BIKE
243,243 MIGUEL DE CERVANTES SAAVEDRA-LAGO FILT ,243 - Miguel de Cervantes Saavedra-Lago Filt,11510,1,BIKE
244,244 MIGUEL DE CERVANTES SAAVEDRA-LAGO VICTORIA ,244 - Miguel de Cervantes Saavedra-Lago Victoria,11510,GRA,BIKE
245,245 LAGO ONEGA-AV. EJERCITO NACIONAL ,245 - Lago Onega-Av. Ejército Nacional,11510,GRA,BIKE
246,246 LEIBNITZ-THIERS,246 - Leibnitz-Thiers,11510,2,BIKE
247,247 HERSCHEL-ROUSSEAU ,247 - Herschel-Rousseau,11510,2,BIKE
248,248 SHAKESPEARE-LAFAYETTE ,248 - Shakespeare-Lafayette,11510,1,BIKE
249,249 SHAKESPEARE-DARWIN ,249 - Shakespeare-Darwin,11510,2,BIKE
250,250 DARWIN-MARIANO ESCOBEDO ,250 - Darwin-Mariano Escobedo,11510,1,"BIKE,TPV"
251,251 GOETHE-DARWIN ,251 - Goethe-Darwin,11510,2,BIKE
252,252 VICTOR HUGO-SHAKESPEARE ,252 - Víctor Hugo-Shakespeare,11510,2,BIKE
253,253 DANTE-TOLSTOI ,253 - Dante-Tolstoi,11510,1,"BIKE,TPV"
254,254 ALFONSO HERRERA-MIGUEL SHULTZ ,254 - Alfonso Herrera-Miguel Shultz,,S-R,BIKE
255,255 JOSE ROSAS MORENO-GUILLERMO PRIETO ,255-Jose Rosas Moreno-Guillermo Prieto,,1,BIKE
256,256 GÓMEZ FARÍAS-SADI CARNOT ,256 - Gómez Farías Sadi Carnot,,S-R,BIKE
257,257 MANUEL MARIA CONTRERAS-VILLALONGIN ,257 - Manuel Maria Contreras-Villalongin,,S-R,BIKE
258,258 CIRCUITO INTERIOR-JUAN ESCUTIA ,258 - Circuito Interior-Juan Escutia,,CON,BIKE
259,259 TÓMAS ALVA EDISON-PONCIANO ARRIAGA ,259 - Tómas Alva Edison-Ponciano Arriaga,,1,BIKE
260,260 AV JUAREZ-BALDERAS ,260 - Av. Juárez-Balderas,,CEN,BIKE
261,261 PASEO DE LA REFORMA-RÍO RÓDANO ,261 Paseo de la Reforma-Río Ródano,,1,BIKE
262,262 REPUBLICA DE CUBA-REPUBLICA DE BRASIL ,262 - Republica de Cuba-Republica de Brasil,,CEN,"BIKE,TPV"
263,263 SADI CARNOT-GÓMEZ FARIAS ,263 - Sadi Carnot - Gómez Farias,,S-R,"BIKE,TPV"
264,264 HÉROES FERROCARRILEROS-AV. CENTRAL,264 - H. Ferrocarrileros - Jesús Garcia ,,1,BIKE
265,265 HÉROES FERROCARRILEROS-JESÚS GARCIA,265 - Jesús Garcia-Héroes Ferrocarrileros,,1,"BIKE,TPV"
266,266 AV. JESÚS GARCIA-CARLOS J. MENESES ,266 - Av. Jesús Garcia -  Carlos J. Meneses,,BUE,"BIKE,TPV"
267,267 AV. JESÜS GARCÏA-CARLOS J. MENESES,267 - Carlos J. Meneses - Av. jesús García,,BUE,BIKE
268,268 LUIS DONALDO COLOSIO-AV.JESÚS GARCÍA ,268 Luis Donaldo Colosio - Av. Jesus Garcia,,BUE,BIKE
269,269 LUIS DONALDO COLOSIO-ALDAMA ,269 Luis Donaldo Colosio - Aldama,,BUE,BIKE
270,270 DE LA REPUBLICA-PONCIANO ARRIAGA ,270 - De la Republica-Ponciano Arriaga,,TAB,"BIKE,TPV"
271,271 AV. CENTRAL-J. MENESES ,271 Av. Jesús García - J. Meneses,,1,BIKE
272,272 AV. CENTRAL-J. MENESES ,271 Av. Jesus Garcia - J. Meneses,,BUE,BIKE
273,273 LUIS DONALDO COLOSIO-AV. CENTRAL,273 Luis Donaldo Colosio - Av. Jesus Garcia,,1,BIKE
274,274 LUIS DONALDO COLOSIO-AV INSURGENTES NORTE ,274 Luis Donaldo Colosio - Av. Insurgentes Norte,,BUE,BIKE
275,275 HÉROES FERROCARRILEROS-AV. INSURGENTES NORTE,275 Héroes Ferrocarrileros - Av. Jesús García,,BUE,BIKE
276,276 ANAXÁGORAS-OBRERO MUNDIAL,276 - Anaxágoras-Obrero Mundial,3020,NAR,BIKE
277,277 AMPLIACIÓN TONALÁ-OBRERO MUNDIAL,277 - Ampliación Tonalá-Obrero Mundial,3020,1,BIKE
278,278 MIER Y PESADO-OBRERO MUNDIAL,278 - Mier Y Pesado-Obrero Mundial,3103,1,BIKE
279,279 LA MORENA-PROVIDENCIA,279 - La Morena-Providencia,3103,DVN,BIKE
280,280 ANAXÁGORAS-OBRERO MUNDIAL,280 - Anaxágoras-Obrero Mundial,3020,NAR,"BIKE,TPV"
281,281 PITÁGORAS-LA MORENA,281 - Pitágoras-La Morena,3020,NAR,BIKE
282,282 LA MORENA-EJE 2 PONIENTE GABRIEL MANCERA,282 - La Morena-Eje 2 Poniente Gabriel Mancera,3103,DVN,BIKE
283,283 AV. COYOACÁN-RAFAEL DONDE,283 - Av. Coyoacán-Rafael Donde,3103,1,BIKE
284,284 DAKOTA-VERMONT,284 - Dakota-Vermont,3810,NAP,BIKE
285,285 12 DE OCTUBRE-MINERIA,285 - 12 De Octubre-Mineria,11800,ESC,BIKE
286,286 13 DE SEPTIEMBRE-AVENIDA PATRIOTISMO,286 - 13 De Septiembre-Avenida Patriotismo,11800,ESC,BIKE
287,287 13 DE SEPTIEMBRE-PUENTE DE LA MORENA,287 - 13 De Septiembre-Puente De La Morena,11800,ESC,BIKE
288,288 11 DE ABRIL-AVENIDA 2,288 - 11 De Abril-Avenida 2,3800,1,BIKE
289,289 CHICAGO-YOSEMITE,289 - Chicago-Yosemite,3810,NAP,BIKE
290,290 YOSEMITE-COLORADO,290 - Yosemite-Colorado,3810,NAP,BIKE
291,291 MAGDALENA-DIVISIÓN DEL NORTE,291 - Magdalena-División Del Norte,3103,DVN,BIKE
292,292 ADOLFO PRIETO-EJE 4 SUR XOLA,292 - Adolfo Prieto-Eje 4 Sur Xola,3103,DVN,BIKE
293,293 MIER Y PESADO-EJE 4 SUR XOLA,293 - Mier Y Pesado-Eje 4 Sur Xola,3103,DVN,"BIKE,TPV"
294,294 NICOLÁS SAN JUAN-EJE 4 SUR XOLA,294 - Nicolás San Juan-Eje 4 Sur Xola,3020,NAR,BIKE
295,295 ANAXÁGORAS-EJE 4 SUR XOLA,295 - Anaxágoras-Eje 4 Sur Xola,3020,NAR,BIKE
296,296 DIAGONAL SAN ANTONIO-ENRIQUE RÉBSAMEN,296 - Diagonal San Antonio-Enrique Rébsamen,3020,NAR,BIKE
297,297 DIAGONAL SAN ANTONIO-ENRIQUE RÉBSAMEN,297 - Diagonal San Antonio-Enrique Rébsamen,3020,NAR,BIKE
298,298 ROMERO DE TERREROS-GABRIEL MANCERA,298 - Romero De Terreros-Gabriel Mancera,3103,DVN,BIKE
299,299 ROMERO DE TERREROS-MIER Y PESADO,299 - Romero De Terreros-Mier Y Pesado,3103,DVN,BIKE
300,300 PROVIDENCIA -LUZ SAVIÑON,300 - Providencia -Luz Saviñon,3103,DVN,BIKE
301,301 LUZ SAVIÑÓN-MAGDALENA,301 - Luz Saviñón-Magdalena,3103,DVN,BIKE
302,302 LUZ SAVIÑON-MAGDALENA,302 - Luz Saviñon-Magdalena,3103,DVN,BIKE
303,303 MONTESITO-AV. INSURGENTES,303 - Montesito-Av. Insurgentes,3810,NAP,"BIKE,TPV"
304,304 MONTESITO-DAKOTA,304 - Montesito-Dakota,3810,NAP,BIKE
305,305 AVENIDA DEL PARQUE-ARIZONA,305 - Avenida Del Parque-Arizona,3810,1,"BIKE,TPV"
306,306 DAKOTA-FILADELFIA,306 - Dakota-Filadelfia,3810,NAP,"BIKE,TPV"
307,307 MINESOTA-DAKOTA,307 - Minesota-Dakota,3810,NAP,BIKE
308,308 NUEVA YORK-ARIZONA,308 - Nueva York-Arizona,3810,1,BIKE
309,309 PENNSYLVANIA-ARIZONA,309 - Pennsylvania-Arizona,3810,NAP,BIKE
310,310 CALLE 1-AV. PATRIOTISMO,310 - Calle 1-Av. Patriotismo,3800,1,BIKE
311,311 CALLE 5-AVENIDA REVOLUCIÓN,311 - Calle 5-Avenida Revolución,3800,1,BIKE
312,312 AVENIDA 2-CALLE 7,312 - Avenida 2-Calle 7,3800,SPP,"BIKE,TPV"
313,313 PENNSYLVANIA-OKLAHOMA,313 - Pennsylvania-Oklahoma,3810,1,BIKE
314,314 NUERVA YORK-LOUISIANA,314 - Nuerva York-Louisiana,3810,NAP,BIKE
315,315 ALABAMA-MONTANA,315 - Alabama-Montana,3810,NAP,BIKE
316,316 SAN FRANCISCO-CONCEPCIÓN BEISTEGUI,316 - San Francisco-Concepción Beistegui,3103,DVN,BIKE
317,317 AVENIDA COYOACÁN-TORRES ADALID,317 - Avenida Coyoacán-Torres Adalid,3103,DVN,"BIKE,TPV"
318,318 LUZ SAVIÑÓN-AMORES,318 - Luz Saviñón-Amores,3103,DVN,BIKE
319,319 DIAGONAL SAN ANTONIO-LUZ SAVIÑON,319 - Diagonal San Antonio-Luz Saviñon,3103,DVN,BIKE
320,320 ENRIQUE RÉBSAMEN-LUZ SAVIÑON,320 - Enrique Rébsamen-Luz Saviñon,3020,NAR,BIKE
321,321 TORRES ADALID-ANAXÁGORAS,321 - Torres Adalid-Anaxágoras,3020,1,BIKE
322,322 HERIBERTO FRÍAS-CONCEPCIÓN BEISTEGUI,322 - Heriberto Frías-Concepción Beistegui,3020,1,BIKE
323,323 CONCEPCIÓN BEISTEGUI-GABRIEL MANCERA,323 - Concepción Beistegui-Gabriel Mancera,3103,DVN,BIKE
324,324 AMORES-AVENIDA EUGENIA,324 - Amores-Avenida Eugenia,3100,DVC,BIKE
325,325 PROVIDENCIA -AVENIDA DEL VALLE,325 - Providencia -Avenida Del Valle,3100,1,BIKE
326,326 EUGENIA-NEBRASKA,326 - Eugenia-Nebraska,3840,AMN,BIKE
327,327 GEORGIA -PENNSYLVANIA,327 - Georgia -Pennsylvania,3810,NAP,BIKE
328,328 AVENIDA 1-CALLE 7,328 - Avenida 1-Calle 7,3800,SPP,BIKE
329,329 CALLE 13-AVENIDA 1,329 - Calle 13-Avenida 1,3800,SPP,BIKE
330,330 CALLE 15-AVENIDA PATRIOTISMO,330 - Calle 15-Avenida Patriotismo,3800,SPP,BIKE
331,331 AVENIDA 2-CALLE 17,331 - Avenida 2-Calle 17,3800,SPP,BIKE
332,332 SUR DE CALLE 27-AVENIDA 3,332 - Sur De Calle 27-Avenida 3,3800,SPP,BIKE
333,333 GEORGIA -CAROLINA,333 - Georgia -Carolina,3810,NAP,BIKE
334,334 NUEVA YORK-AV. INSURGENTES,334 - Nuerva York-Av. Insurgentes,3840,AMN,BIKE
335,335 MAGDALENA-AMEYALCO,335 - Magdalena-Ameyalco,3100,DVC,BIKE
336,336 SAN BORJA-CDA. BARTOLOCHE,336 - San Borja-Cda. Bartoloche,3100,DVC,BIKE
337,337 SAN BORJA-MARTÍN MENLALDE,337 - San Borja-Martín Menlalde,3100,DVC,"BIKE,TPV"
338,338 NICOLAS SAN JUAN-SAN BORJA,338 - Nicolas San Juan-San Borja,3100,DVC,BIKE
339,339 ENRIQUE RÉBSAMEN-AVENIDA EUGENIA,339 - Enrique Rébsamen-Avenida Eugenia,3020,NAR,BIKE
340,340 ANAXÁGORAS-AVENIDA EUGENIA,340 - Anaxágoras-Avenida Eugenia,3020,NAR,"BIKE,TPV"
341,341 SAN BORJA-AVENIDA CUAUHTEMOC,341 - San Borja-Avenida Cuauhtemoc,3020,NAR,BIKE
342,342 ANAXÁGORAS-ANGEL URRAZA EJE 6 SUR,342 - Anaxágoras-Angel Urraza Eje 6 Sur,3020,NAR,BIKE
343,343 ENRIQUE RÉBSAMEN-DIVISIÓN DEL NORTE,343 - Enrique Rébsamen-División Del Norte,3100,DVC,BIKE
344,344 HERIBERTO FRÍAS-ANGEL URRAZA EJE 6 SUR,344 - Heriberto Frías-Angel Urraza Eje 6 Sur,3100,DVC,BIKE
345,345 MIRAFLORES-PATRICIO SANZ,345 - Miraflores-Patricio Sanz,3100,ISB,BIKE
346,346 SAN FRANCISCO-SANTA MARGARITA,346 - San Francisco-Santa Margarita,3100,ISB,BIKE
347,347 PENNSYLVANIA-MAXIMINO AVILA CAMACHO,347 - Pennsylvania-Maximino Avila Camacho,3710,1,"BIKE,TPV"
348,348 INDIANA-AVENIDA SAN ANTONIO,348 - Indiana-Avenida San Antonio,3710,CDD,BIKE
349,349 AUGUSTO RODIN-AVENIDA SAN ANTONIO,349 - Augusto Rodin-Avenida San Antonio,3840,AMN,BIKE
350,350 JOSE CLEMENTE OROZCO-CORREGGIO,350 - Jose Clemente Orozco-Correggio,3710,1,BIKE
351,351 CALLE 27-AVENIDA REVOLUCIÓN,351 - Calle 27-Avenida Revolución,3800,SPP,BIKE
352,352 TINTORETO-GIORGINE,352 - Tintoreto-Giorgine,3700,SMN,"BIKE,TPV"
353,353 CAROLINA-HOLBEIN,353 - Carolina-Holbein,3710,CDD,"BIKE,TPV"
354,354 BOSTON-AV. INSURGENTES,354 - Boston-Av. Insurgentes,3720,NBU,BIKE
355,355 CALIFORNIA-SACRAMENTO,355 - California-Sacramento,3100,ISB,BIKE
356,356 MATIAS ROMERO -ADOLFO PRIETO,356 - Matias Romero -Adolfo Prieto,3100,1,BIKE
357,357 MATIAS ROMERO -AMORES,357 - Matias Romero -Amores,3100,DVC,BIKE
358,358 NICOLAS SAN JUAN-MATIAS ROMERO ,358 - Nicolas San Juan-Matias Romero,3100,DVC,BIKE
359,359 MATIAS ROMERO -PESTALLOZZI,359 - Matias Romero -Pestallozzi,3100,DVC,"BIKE,TPV"
360,360 HERIBERTO FRÍAS-MATIAS ROMERO,360 - Heriberto Frías-Matias Romero,3100,DVC,BIKE
361,361 PORFIRIO DÍAZ-AV. INSURGENTES,361 - Porfirio Díaz-Av. Insurgentes,3100,1,BIKE
362,362 AUGUSTO RODIN-ALBERTO BALDERAS,362 - Augusto Rodin-Alberto Balderas,3710,CDD,BIKE
363,363 HOLBEIN-PAULO UCELLO,363 - Holbein-Paulo Ucello,3710,CDD,BIKE
364,364 BOTICHELLI-CDA. DE GIORGONE,364 - Botichelli-Cda. De Giorgone,3700,SMN,BIKE
365,365 HOLBEIN-AVENIDA REVOLUCIÓN,365 - Holbein-Avenida Revolución,3700,SMN,BIKE
366,366 PORFIRIO DÍAZ-AUGUSTO RODÍN,366 - Porfirio Díaz-Augusto Rodín,3740,EXI,BIKE
367,367 BOSTON -AUGUSTO RODÍN,367 - Boston -Augusto Rodín,3720,NBU,BIKE
368,368 PORFIRIO DÍAZ-CINCINATTI ,368 - Porfirio Díaz-Cincinatti,3740,1,BIKE
369,369 PORFIRIO DÍAZ-AV. INSURGENTES,369 - Porfirio Díaz-Av. Insurgentes,3740,1,"BIKE,TPV"
370,370 TLACOQUEMECATL-AV. INSURGENTES,370 - Tlacoquemecatl-Av. Insurgentes,3200,TLA,BIKE
371,371 TLACOQUEMECATL-CAPULIN,371 - Tlacoquemecatl-Capulin,3200,TLA,BIKE
372,372 DR. ROBERTO GAYOL-TLACOQUEMECATL,372 - Dr. Roberto Gayol-Tlacoquemecatl,3104,1,"BIKE,TPV"
373,373 PILARES-GABRIEL MANCERA,373 - Pilares-Gabriel Mancera,3100,DVC,BIKE
374,374 PITÁGORAS-PILARES,374 - Anaxágoras-Pilares,3100,DVC,"BIKE,TPV"
375,375 TENAYUCA-DIVISIÓN DEL NORTE,375 - Tenayuca-División Del Norte,3650,LEV,BIKE
376,376 PITÁGORAS-AV. UNIVERSIDAD,376 - Pitágoras-Av. Universidad,3650,LEV,BIKE
377,377 HERIBERTO FRÍAS-MIGUEL LAURENT,377 - Heriberto Frías-Miguel Laurent,3104,DVS,BIKE
378,378 MIGUEL LAURENT-AMORES,378 - Miguel Laurent-Amores,3104,DVS,BIKE
379,379 DR. ROBERTO GAYOL-MIGUEL LAURENT,379 - Dr. Roberto Gayol-Miguel Laurent,3104,1,BIKE
380,380 MORAS-SAN LORENZO,380 - Moras-San Lorenzo,3200,TLA,BIKE
381,381 SAN LORENZO-MANZANAS,381 - San Lorenzo-Manzanas,3200,TLA,BIKE
382,382 SAN LORENZO-AV. INSURGENTES,382 - San Lorenzo-Av. Insurgentes, 3200 ,TLA,BIKE
383,383 LUIS CARACCI-2DA. LUIS CARACCI,383 - Luis Caracci-2da. Luis Caracci,3740,EXI,BIKE
384,384 EMPRESA-POUSSIN,384 - Empresa-Poussin,3920,INM,BIKE
385,385 POUSSIN-EMPRESA,385 - Poussin-Empresa,3920,INM,"BIKE,TPV"
386,386 POUSSIN-DONATELLO,386 - Poussin-Donatello,3920,INM,BIKE
387,387 CADIZ-EMPRESA,387 - Cadiz-Empresa,3920,INM,BIKE
388,388 VALENCIA-MALAGA,388 - Valencia-Malaga,3920,INM,BIKE
389,389 SANTANDER-FELIX CUEVAS,389 - Santander-Felix Cuevas,3920,INM,BIKE
390,390 OSO-FELIX CUEVAS,390 - Oso-Felix Cuevas,3104,DVS,"BIKE,TPV"
391,391 OSO-FELIX CUEVAS,391 - Oso-Felix Cuevas,3104,DVS,BIKE
392,392 PATRICIO SANZ-FELIX CUEVAS,392 - Patricio Sanz-Felix Cuevas,3200,TLA,BIKE
393,393 ADOLFO PRIETO-FELIX CUEVAS,393 - Adolfo Prieto-Felix Cuevas,3200,TLA,"BIKE,TPV"
394,394 DR. ROBERTO GAYOL-FELIX CUEVAS,394 - Dr. Roberto Gayol-Felix Cuevas,3104,DVS,BIKE
395,395 SAN LORENZO-CALLEJÓN MARTÍN MENLALDE,395 - San Lorenzo-Callejón Martín Menlalde,3104,DVS,BIKE
396,396 MARTÍN MENLALDE-FELIX CUEVAS,396 - Martín Menlalde-Felix Cuevas,3104,DVS,BIKE
397,397 SAN LORENZO-GABRIEL MANCERA,397 - San Lorenzo-Gabriel Mancera,3104,DVS,BIKE
398,398 SANCHEZ AZCONA-FELIX CUEVAS,398 - Sanchez Azcona-Felix Cuevas,3104,DVS,BIKE
399,399 HERIBERTO FRÍAS-SAN LORENZO,399 - Heriberto Frías-San Lorenzo,3104,DVS,BIKE
400,400 SAN LORENZO-HERIBERTO FRIAS,400 - San Lorenzo-Heriberto Frias,3104,DVS,BIKE
401,401 SAN LORENZO-AVENIDA CUAUHTEMOC,401 - San Lorenzo-Avenida Cuauhtemoc,3310,SCA,BIKE
402,402 UXMAL-MUNICIPIO LIBRE,402 - Uxmal-Municipio Libre,3310,1,"BIKE,TPV"
403,403 UXMAL-MUNICIPIO LIBRE,403 - Uxmal-Municipio Libre,3310,SCA,BIKE
404,404 MIGUEL LAURENT-AVENIDA DIVISIÓN DEL NORTE,404 - Miguel Laurent-Avenida División Del Norte,3650,LEV,BIKE
405,405 DIVISIÓN DEL NORTE-MUNICIPIO LIBRE,405 - División Del Norte-Municipio Libre,3303,PON,BIKE
406,406 PARROQUIA AV. MEXICO-COYOACAN,406 - Parroquia Av. Mexico-Coyoacan,3310,SCA,BIKE
407,407 PROL. XOCHICALCO-GENERAL EMILIANO ZAPATA,407 - Prolongación Xochicalco-General Emiliano Zapat,3320,REE,BIKE
408,408 PROLONGACIÓN PETÉN-GENERAL EMILIANO ZAPATA,408 - Prolongación Petén-General Emiliano Zapata,3320,REE,BIKE
409,409 AZORES-DIVISIÓN DEL NORTE,409 - Azores-División Del Norte,3310,SCA,BIKE
410,410 PROLONGACIÓN TAJÍN-PROLONGACIÓN REPÚBLICAS,410 - Prolongación Tajín-Prolongación Repúblicas,3310,SCA,BIKE
411,411 PARROQUIA-AVENIDA MÉXICO-COYOACAN,411 - Parroquia-Avenida México-Coyoacan,3310,SCA,BIKE
412,412 PARROQUIA-AVENIDA UNIVERSIDAD,412 - Parroquia-Avenida Universidad,3310,SCA,"BIKE,TPV"
413,413 PARROQUIA-AVENIDA COYOACÁN,413 - Parroquia-Avenida Coyoacán,3104,DVS,BIKE
414,414 PARROQUIA-JOSÉ IGNACIO BARTOLACHE,414 - Parroquia-José Ignacio Bartolache,3104,DVS,BIKE
415,415 SAN FRANCISCO-PARROQUÍA,415 - San Francisco-Parroquía,3104,DVS,BIKE
416,416 RECREO-PARROQUÍA,416 - Recreo-Parroquía,3104,1,BIKE
417,417 GOYA-AUGUSTO RODÍN,417 - Goya-Augusto Rodín,3920,INM,"BIKE,TPV"
418,418 GALICIA-ACTIPAN,418 - Galicia-Actipan,3920,INM,BIKE
419,419 ACTIPAN-CADIZ,419 - Actipan-Cadiz,3920,INM,BIKE
420,420 MARÍA LUZ BRINGAS-OSO,420 - María Luz Bringas-Oso,3230,ACT,BIKE
421,421 MARÍA LUZ BRINGAS-OSO,421 - María Luz Bringas-Oso,3230,ACT,BIKE
422,422 BUFALO-JOSÉ MARÍA RICO (EJE 8),422 - Bufalo-José María Rico (Eje 8),3230,ACT,BIKE
423,423 MORAS-JOSÉ MARÍA RICO (EJE 8),423 - Moras-José María Rico (Eje 8),3240,ACA,BIKE
424,424 AMORES-JOSÉ MARÍA RICO (EJE 8),424 - Amores-José María Rico (Eje 8),3104,DVS,BIKE
425,425 NICOLAS SAN JUAN-AVENIDA UNIVERSIDAD,425 - Nicolas San Juan-Avenida Universidad,3104,DVS,BIKE
426,426 CERRADA DE POPOCATEPETL-AV. POPOCATEPETL (EJE ,426 - Cerrada De Popocatepetl-Av. Popocatepetl (Eje,3330,XOC,BIKE
427,427 AVENIDA MÉXICO-COYOACAN-AV. POPOCATEPETL (EJE ,427 - Avenida México-Coyoacan-Av. Popocatepetl (Eje,3310,SCA,BIKE
428,428 PROLONGACIÓN UXMAL-AV. POPOCATEPETL (EJE 8),428 - Prolongación Uxmal-Av. Popocatepetl (Eje 8),3340,GPM,BIKE
429,429 PIRINEOS-AV. POPOCATEPETL (EJE 8),429 - Pirineos-Av. Popocatepetl (Eje 8),3310,SCA,BIKE
430,430 TRIPOLI-AV. POPOCATEPETL (EJE 8),430 - Tripoli-Av. Popocatepetl (Eje 8),3310,SCA,BIKE
431,431 BRUNO TRAVEN-PAZ MONTES DE OCA,431 - Bruno Traven-Paz Montes De Oca,3340,GPM,BIKE
432,432 CARRILLO PUERTO-AV. MÉXICO-COYOACÁN,432 - Carrillo Pto-Golondrinas,3340,GPM,BIKE
433,433 JOSE MARÍA OLLOQUI-LOPÉZ COSTILLA,433 - Jose María Olloqui-Lopéz Costilla,3104,DVS,BIKE
434,434 JOSE MARÍA OLLOQUI-AMORES,434 - Jose María Olloqui-Amores,3104,DVS,"BIKE,TPV"
435,435 RODRIGUEZ SARO-AVENIDA COYOACÁN,435 - Rodriguez Saro-Avenida Coyoacán,3230,ACT,BIKE
436,436 RODRIGUEZ SARO-BUFALLO,436 - Rodriguez Saro-Bufallo,3240,ACA,BIKE
437,437 MORAS-COMUNAL,437 - Moras-Comunal,3240,1,BIKE
438,438 ADOLFO PRIETO-JOSÉ MARÍA OLLOQUI,438 - Adolfo Prieto-José María Olloqui,3240,1,BIKE
439,439 AMORES-AVENIDA COYOACÁN,439 - Amores-Avenida Coyoacán,3240,ACA,BIKE
440,440 REAL DE MAYORAZGO-PUENTE XOCO,440 - Real De Mayorazgo-Puente Xoco,3330,1,BIKE
441,441 PUENTE XOCO-REAL DE MAYORAZGO,441 - Puente Xoco-Real De Mayorazgo,3330,XOC,BIKE
442,442 REAL DE MAYORAZGO-AVENIDA MÉXICO-COYOACAN,442 - Real De Mayorazgo-Avenida México-Coyoacan,3330,XOC,"BIKE,TPV"
443,443 BRUNO TRAVEN-GOLONDRINAS,443 - Bruno Trave-Avenida México-Coyoacan,3340,1,BIKE
444,444 GENERAL MANUEL RINCÓN-AGUSTÍN GUTIERREZ,444 - General Manuel Rincón-Agustín Gutierrez,3340,GPM,BIKE
445,445 RIFF-AVENIDA RIO CHURUBUSCO,445 - Riff-Avenida Rio Churubusco,3340,GPM,BIKE
446,446 RIFF-AVENIDA RIO CHURUBUSCO,446 - Riff-Avenida Rio Churubusco,3340,GPM,"BIKE,TPV"
447,447 AGUSTÍN MELGAR-ZAMORA,447 AGUSTÍN MELGAR-ZAMORA,,JUA,BIKE
448,448 DR. ANDRADE - ARCOS DE BELÉN,DR. ANDRADE ARCOS DE BELÉN,,,"BIKE,TPV"
449,449 ACAPULCO-PUEBLA,449 ACAPULCO-PUEBLA,,JUA,BIKE
450,450 RAMOS ARIZPE-PUENTE DE ALVARADO,450 RAMOS ARIZPE-PUENTE DE ALVARADO,,TAB,BIKE
451,451 CAMPOS ELÍSEOS-GOLDSMITH,451 CAMPOS ELÍSEOS-GOLDSMITH,,POL,BIKE
452,452 LEIBNITZ-AV. EJERCITO NACIONAL,452 LEIBNITZ-AV. EJERCITO NACIONAL,,2,BIKE
